age_group,accuracy
Child (0-12),0.5819444444444445
Teen (13-19),0.5328798185941043
Young Adult (20-40),0.5401119402985075
Adult (41-60),0.46059782608695654
Senior (60+),0.40625
