emotion,accuracy
Surprise,0.5349544072948328
Fear,0.0945945945945946
Disgust,0.04375
Happy,0.8075949367088607
Sad,0.5334728033472803
Angry,0.16666666666666666
Neutral,0.27205882352941174
