gender,accuracy
Male,0.4627163781624501
Female,0.586845466155811
