age_group,accuracy
Child (0-12),0.8625
Teen (13-19),0.7936507936507936
Young Adult (20-40),0.8171641791044776
Adult (41-60),0.7717391304347826
Senior (60+),0.6770833333333334
