Age_Group,Accuracy
Child (0-12),0.6530612244897959
Teen (13-19),0.6744402985074627
Young Adult (20-40),0.5869565217391305
Adult (41-60),0.5555555555555556
