Emotion,Accuracy
neutral,0.41323529411764703
happiness,0.8632911392405064
surprise,0.8905775075987842
sadness,0.7196652719665272
anger,0.4876543209876543
disgust,0.03125
fear,0.02702702702702703
