Gender,Accuracy
Male,0.6198402130492676
Female,0.6998722860791826
