{
    "test_loss": 0.5087743997573853,
    "test_accuracy": 0.813374400138855
}