emotion,accuracy
Surprise,0.8449848024316109
Fear,0.6081081081081081
Disgust,0.375
Happy,0.9164556962025316
Sad,0.7803347280334728
Angry,0.7098765432098766
Neutral,0.7720588235294118
