gender,accuracy
Male,0.7842876165113183
Female,0.8326947637292464
